{
    "104.248.139.211": {
        "pruning": "-",
        "s": "50002",
        "t": "50001",
        "version": "1.4.2"
    },
    "128.0.190.26": {
        "pruning": "-",
        "s": "50002",
        "version": "1.4.2"
    },
    "142.93.6.38": {
        "pruning": "-",
        "s": "50002",
        "t": "50001",
        "version": "1.4.2"
    },
    "157.245.172.236": {
        "pruning": "-",
        "s": "50002",
        "t": "50001",
        "version": "1.4.2"
    },
    "159.65.53.177": {
        "pruning": "-",
        "t": "50001",
        "version": "1.4.2"
    },
    "167.172.42.31": {
        "pruning": "-",
        "s": "50002",
        "t": "50001",
        "version": "1.4.2"
    },
    "188.230.155.0": {
        "pruning": "-",
        "s": "50002",
        "t": "50001",
        "version": "1.4.2"
    },
    "22mgr2fndslabzvx4sj7ialugn2jv3cfqjb3dnj67a6vnrkp7g4l37ad.onion": {
        "pruning": "-",
        "t": "50001",
        "version": "1.4.2"
    },
    "2AZZARITA.hopto.org": {
        "pruning": "-",
        "s": "50002",
        "t": "50001",
        "version": "1.4.2"
    },
    "2electrumx.hopto.me": {
        "pruning": "-",
        "s": "56022",
        "t": "56021",
        "version": "1.4.2"
    },
    "2ex.digitaleveryware.com": {
        "pruning": "-",
        "s": "50002",
        "version": "1.4.2"
    },
    "37.205.9.165": {
        "pruning": "-",
        "s": "50002",
        "version": "1.4.2"
    },
    "68.183.188.105": {
        "pruning": "-",
        "s": "50002",
        "t": "50001",
        "version": "1.4.2"
    },
    "73.92.198.54": {
        "pruning": "-",
        "s": "50002",
        "version": "1.4.2"
    },
    "89.248.168.53": {
        "pruning": "-",
        "s": "50002",
        "t": "50001",
        "version": "1.4.2"
    },
    "E-X.not.fyi": {
        "pruning": "-",
        "s": "50002",
        "t": "50001",
        "version": "1.4"
    },
    "VPS.hsmiths.com": {
        "pruning": "-",
        "s": "50002",
        "t": "50001",
        "version": "1.4"
    },
    "alviss.coinjoined.com": {
        "pruning": "-",
        "s": "50002",
        "t": "50001",
        "version": "1.4.2"
    },
    "assuredly.not.fyi": {
        "pruning": "-",
        "s": "50002",
        "version": "1.4.2"
    },
    "bejqtnc64qttdempkczylydg7l3ordwugbdar7yqbndck53ukx7wnwad.onion": {
        "pruning": "-",
        "s": "50002",
        "t": "50001",
        "version": "1.4.5"
    },
    "bitcoin.aranguren.org": {
        "pruning": "-",
        "s": "50002",
        "t": "50001",
        "version": "1.4.2"
    },
    "bitcoin.lukechilds.co": {
        "pruning": "-",
        "s": "50002",
        "t": "50001",
        "version": "1.4.2"
    },
    "bitcoins.sk": {
        "pruning": "-",
        "s": "56002",
        "t": "56001",
        "version": "1.4.2"
    },
    "blackie.c3-soft.com": {
        "pruning": "-",
        "s": "57002",
        "t": "57001",
        "version": "1.4.5"
    },
    "blkhub.net": {
        "pruning": "-",
        "s": "50002",
        "version": "1.4.2"
    },
    "blockstream.info": {
        "pruning": "-",
        "s": "700",
        "t": "110",
        "version": "1.4"
    },
    "btc.electroncash.dk": {
        "pruning": "-",
        "s": "60002",
        "t": "60001",
        "version": "1.4.5"
    },
    "btc.litepay.ch": {
        "pruning": "-",
        "s": "50002",
        "version": "1.4.2"
    },
    "btc.ocf.sh": {
        "pruning": "-",
        "s": "50002",
        "version": "1.4.2"
    },
    "btce.iiiiiii.biz": {
        "pruning": "-",
        "s": "50002",
        "t": "50001",
        "version": "1.4.2"
    },
    "ca.poiuty.com": {
        "pruning": "-",
        "s": "50002",
        "t": "50004",
        "version": "1.4.5"
    },
    "de.poiuty.com": {
        "pruning": "-",
        "s": "50002",
        "t": "50004",
        "version": "1.4.5"
    },
    "e.keff.org": {
        "pruning": "-",
        "s": "50002",
        "t": "50001",
        "version": "1.4"
    },
    "e2.keff.org": {
        "pruning": "-",
        "s": "50002",
        "t": "50001",
        "version": "1.4"
    },
    "eai.coincited.net": {
        "pruning": "-",
        "s": "50002",
        "t": "50001",
        "version": "1.4.2"
    },
    "ecdsa.net": {
        "pruning": "-",
        "s": "110",
        "t": "50001",
        "version": "1.4"
    },
    "egyh5mutxwcvwhlvjubf6wytwoq5xxvfb2522ocx77puc6ihmffrh6id.onion": {
        "pruning": "-",
        "s": "50002",
        "t": "50001",
        "version": "1.4.2"
    },
    "electrum.bitaroo.net": {
        "pruning": "-",
        "s": "50002",
        "t": "50001",
        "version": "1.4.2"
    },
    "electrum.blockstream.info": {
        "pruning": "-",
        "s": "50002",
        "t": "50001",
        "version": "1.4"
    },
    "electrum.dcn.io": {
        "pruning": "-",
        "s": "50002",
        "t": "50001",
        "version": "1.4.2"
    },
    "electrum.emzy.de": {
        "pruning": "-",
        "s": "50002",
        "version": "1.4.2"
    },
    "electrum.hodlister.co": {
        "pruning": "-",
        "s": "50002",
        "version": "1.4"
    },
    "electrum.hsmiths.com": {
        "pruning": "-",
        "s": "50002",
        "t": "50001",
        "version": "1.4"
    },
    "electrum.jochen-hoenicke.de": {
        "pruning": "-",
        "s": "50006",
        "t": "50099",
        "version": "1.4.5"
    },
    "electrum.pabu.io": {
        "pruning": "-",
        "s": "50002",
        "version": "1.4.2"
    },
    "electrum.qtornado.com": {
        "pruning": "-",
        "s": "50002",
        "t": "50001",
        "version": "1.4"
    },
    "electrum3.hodlister.co": {
        "pruning": "-",
        "s": "50002",
        "version": "1.4"
    },
    "electrum5.hodlister.co": {
        "pruning": "-",
        "s": "50002",
        "version": "1.4"
    },
    "electrumx.alexridevski.net": {
        "pruning": "-",
        "s": "50002",
        "t": "50001",
        "version": "1.4.2"
    },
    "electrumx.erbium.eu": {
        "pruning": "-",
        "s": "50002",
        "t": "50001",
        "version": "1.4"
    },
    "electrumx.schulzemic.net": {
        "pruning": "-",
        "s": "50002",
        "t": "50001",
        "version": "1.4.2"
    },
    "elx.bitske.com": {
        "pruning": "-",
        "s": "50002",
        "t": "50001",
        "version": "1.4.2"
    },
    "ex.btcmp.com": {
        "pruning": "-",
        "s": "50002",
        "version": "1.4.2"
    },
    "ex03.axalgo.com": {
        "pruning": "-",
        "s": "50002",
        "version": "1.4.2"
    },
    "explorerzydxu5ecjrkwceayqybizmpjjznk5izmitf2modhcusuqlid.onion": {
        "pruning": "-",
        "t": "110",
        "version": "1.4"
    },
    "exs.dyshek.org": {
        "pruning": "-",
        "s": "50002",
        "t": "50001",
        "version": "1.4.2"
    },
    "fortress.qtornado.com": {
        "pruning": "-",
        "s": "443",
        "version": "1.5"
    },
    "fulcrum.grey.pw": {
        "pruning": "-",
        "s": "51002",
        "t": "51001",
        "version": "1.4.5"
    },
    "gall.pro": {
        "pruning": "-",
        "s": "50002",
        "version": "1.4.2"
    },
    "guichet.centure.cc": {
        "pruning": "-",
        "s": "50002",
        "t": "50001",
        "version": "1.4.2"
    },
    "hodlers.beer": {
        "pruning": "-",
        "s": "50002",
        "version": "1.4.2"
    },
    "horsey.cryptocowboys.net": {
        "pruning": "-",
        "s": "50002",
        "t": "50001",
        "version": "1.4.2"
    },
    "kareoke.qoppa.org": {
        "pruning": "-",
        "s": "50002",
        "t": "50001",
        "version": "1.4.2"
    },
    "kittycp2gatrqhlwpmbczk5rblw62enrpo2rzwtkfrrr27hq435d4vid.onion": {
        "pruning": "-",
        "s": "50002",
        "t": "50001",
        "version": "1.4.2"
    },
    "lavahost.org": {
        "pruning": "-",
        "s": "50002",
        "version": "1.4.2"
    },
    "node.degga.net": {
        "pruning": "-",
        "s": "50002",
        "version": "1.4.2"
    },
    "node1.btccuracao.com": {
        "pruning": "-",
        "s": "50002",
        "t": "50001",
        "version": "1.4.2"
    },
    "nuzzg3pku3xbctgamzq3pf7ztakkiidnmmier64arqwh3ajdddovatad.onion": {
        "pruning": "-",
        "s": "50002",
        "version": "1.4.2"
    },
    "qly7g5n5t3f3h23xvbp44vs6vpmayurno4basuu5rcvrupli7y2jmgid.onion": {
        "pruning": "-",
        "s": "50002",
        "t": "50001",
        "version": "1.4.2"
    },
    "rzspa374ob3hlyjptkdgz6a62wim2mpanuw6m3shlwn2cxg2smy3p7yd.onion": {
        "pruning": "-",
        "s": "50004",
        "t": "50003",
        "version": "1.4.2"
    },
    "skbxmit.coinjoined.com": {
        "pruning": "-",
        "s": "50002",
        "t": "50001",
        "version": "1.4.2"
    },
    "smmalis37.ddns.net": {
        "pruning": "-",
        "s": "50002",
        "version": "1.4.2"
    },
    "stavver.dyshek.org": {
        "pruning": "-",
        "s": "50002",
        "t": "50001",
        "version": "1.4.2"
    },
    "tardis.bauerj.eu": {
        "pruning": "-",
        "s": "50002",
        "t": "50001",
        "version": "1.4"
    },
    "ty6cgwaf2pbc244gijtmpfvte3wwfp32wgz57eltjkgtsel2q7jufjyd.onion": {
        "pruning": "-",
        "s": "50002",
        "t": "50001",
        "version": "1.4.2"
    },
    "udfpzbte2hommnvag5f3qlouqkhvp3xybhlus2yvfeqdwlhjroe4bbyd.onion": {
        "pruning": "-",
        "s": "60002",
        "t": "60001",
        "version": "1.4.5"
    },
    "v7gtzf7nua6hdmb2wtqaqioqmesdb4xrlly4zwr7bvayxv2bpg665pqd.onion": {
        "pruning": "-",
        "t": "50001",
        "version": "1.4.2"
    },
    "v7o2hkemnt677k3jxcbosmjjxw3p5khjyu7jwv7orfy6rwtkizbshwqd.onion": {
        "pruning": "-",
        "t": "57001",
        "version": "1.4.5"
    },
    "venmrle3xuwkgkd42wg7f735l6cghst3sdfa3w3ryib2rochfhld6lid.onion": {
        "pruning": "-",
        "s": "50002",
        "t": "50001",
        "version": "1.4.2"
    },
    "vmd71287.contaboserver.net": {
        "pruning": "-",
        "s": "50002",
        "version": "1.4.2"
    },
    "vmd84592.contaboserver.net": {
        "pruning": "-",
        "s": "50002",
        "version": "1.4.2"
    },
    "wsw6tua3xl24gsmi264zaep6seppjyrkyucpsmuxnjzyt3f3j6swshad.onion": {
        "pruning": "-",
        "s": "50002",
        "t": "50001",
        "version": "1.4.2"
    },
    "xtrum.com": {
        "pruning": "-",
        "s": "50002",
        "t": "50001",
        "version": "1.4.2"
    }
}
